{
  "project_info": {
    "project_number": "30543958886",
    "firebase_url": "https://mediknow-3b81d.firebaseio.com",
    "project_id": "mediknow-3b81d",
    "storage_bucket": "mediknow-3b81d.appspot.com"
  },
  "client": [
    {
      "client_info": {
        "mobilesdk_app_id": "1:30543958886:android:e4b7b7464d7563f3de2ea7",
        "android_client_info": {
          "package_name": "com.covid19.mediknow"
        }
      },
      "oauth_client": [
        {
          "client_id": "30543958886-38k35vgc7f5mvn8bg2k00p75t8o7gqb4.apps.googleusercontent.com",
          "client_type": 1,
          "android_info": {
            "package_name": "com.covid19.mediknow",
            "certificate_hash": "8557b26e9e7e080bee78d4c16e01a7db475f1821"
          }
        },
        {
          "client_id": "30543958886-oi551r6m9tr574us40dmqjgmku3ei7hn.apps.googleusercontent.com",
          "client_type": 3
        }
      ],
      "api_key": [
        {
          "current_key": "AIzaSyA2Yn5OwsYchYceJUNiRdpOUe5JZJFE4qQ"
        }
      ],
      "services": {
        "appinvite_service": {
          "other_platform_oauth_client": [
            {
              "client_id": "30543958886-oi551r6m9tr574us40dmqjgmku3ei7hn.apps.googleusercontent.com",
              "client_type": 3
            }
          ]
        }
      }
    }
  ],
  "configuration_version": "1"
}