﻿Chloroquine,Small Molecule,Malaria,ACE2,SIGMAR1,"Immunostimulant, terminal glycosylation inhibitor, autophagy inhibitor",Approved,https://www.drugbank.ca/drugs/DB00608
Quinacrine,Small Molecule,Malaria,Polypyramidine-tract binding proteins with internal ribosomes entry sites,,Inhibition of Viral DNA replication,Phase 2,https://www.drugbank.ca/drugs/DB01103
Amantidine,Small Molecule,Influenza A Virus Infection,Viral M2 protein,,"Viral M2 Inhibitor, Ion-channel inhibitor",Approved,https://www.drugbank.ca/drugs/DB00915
Rimantadine,Small Molecule,Influenza A Virus Infection,Viral M2 Protein,,"Viral M2 stabilizer, ion-channel inhibitor",Approved,https://www.drugbank.ca/drugs/DB00478
Zanamivir,Small Molecule,Influenza A Virus Infection,Neuraminidase,,Neuraminidase Inhibitor,Approved,https://www.drugbank.ca/drugs/DB00558
Favipiravir,Small Molecule,Influenza Virus Infection,RNA dependent RNA polymerase,,"RNA-dependent RNA polymerase inhbitor, RNA transversion mutation  inhibitor",Approved,https://www.drugbank.ca/drugs/DB12466
Amprenavir,Small Molecule,HIV Infection ,HIV Protease,,HIV Protease inhibitor,Approved,https://www.drugbank.ca/drugs/DB00701
Oseltamivir,Small Molecule,Influenza Virus Infection,Neuraminidase,,Neuraminidase Inhibitor,Approved,https://www.drugbank.ca/drugs/DB00198
Tenofovir,Small Molecule,HIV Infection ,Reverse-transciptase,,Reverse-transciptase inhibitor,Approved,https://www.drugbank.ca/drugs/DB00300
Indinavir,Small Molecule,HIV Infection ,HIV Protease,,HIV Protease inhibitor,Approved,https://www.drugbank.ca/drugs/DB00224
Umifenovir,Small Molecule,Influenza|Coronavirus,NA,,Membrane fusion inhibitor,Phase 4,https://www.drugbank.ca/drugs/DB13609
Simmitasertib,Small Molecule,Cholangiocarcinoma,Caesin kinase 2,,Caesin kinase 2 inhibitor,Approved,https://www.drugbank.ca/drugs/DB15408
Sirolimus,Small Molecule,Coronary Artery Restenosis,mTOR,,"mTOR Inhibitor, immunosuppressant, T cell inhibitor",Approved,https://www.drugbank.ca/drugs/DB00877
Chloropromazine,Small Molecule,Schizophrenia,Dopamine D1 receptor,,"Dopamine D2 receptor antagonist, Dopamine D1 receptor antagonist, 5-hydroxytryptamine receptor 1A antagonist,5-hydroxytryptamine receptor 2A antagonist, Alpha-1A adrenergic receptor antagonist, Alpha-1B adrenergic receptor antagonist",Approved,https://www.drugbank.ca/drugs/DB00477
Gemcitabine,Small Molecule,Ovarian cancer,Ribonucleotide reductase,,"Ribonucleotide reductase inhbitor, DNA synthesis Inhibitor",Approved,https://www.drugbank.ca/drugs/DB00441
