﻿Acetaminophen (Tylenol),Small Molecule,Analgesic and antipyretic,Mild to moderate pain and reduction of fever,"Prostaglandin E synthase 3, Prostaglandin G/H synthase 2, Prostaglandin G/H synthase 1","Prostaglandin E synthase 3, Prostaglandin G/H synthase 2, Prostaglandin G/H synthase 1 inhibitor",Approved,https://www.drugbank.ca/drugs/DB00316
"Ibuprofen(Advil, Motrin)",Small Molecule,"Non-steroidal anti-inflammatory drug (NSAID): analgesic, anti-inflammatory and antipyretic","Mild to moderate pain related to dysmenorrhea, headache, migraine, postoperative dental pain, spondylitis, osteoarthritis, rheumatoid arthritis, and soft tissue disorder","Prostaglandin G/H synthase 2, Prostaglandin G/H synthase 1, Apoptosis regulator Bcl-2, Thrombomodulin","Prostaglandin G/H synthase 2, Prostaglandin G/H synthase 1 inhibitor, Apoptosis regulator Bcl-2 modulator, Thrombomodulin inducer",Approved,https://www.drugbank.ca/drugs/DB01050
Bethamethasone (Celestone),Small Molecule,Corticosteroid with immunosuppressive and antiinflammatory properties,"Inflammatory skin conditions such as eczema, and parenterally to manage several disease states including autoimmune disorders.",Glucocorticoid receptor,Glucocorticoid receptor agonist,Approved,https://www.drugbank.ca/drugs/DB00443
Prednisone (Prednisone Intensol),Small Molecule,Anti-inflammatory glucocorticoid,"Allergic, dermatologic, gastrointestinal, hematologic,  and other organ system conditions",Glucocorticoid receptor,Glucocorticoid receptor agonist,Approved,https://www.drugbank.ca/drugs/DB00635
"Prednisolone (Orapred, Prelone)",Small Molecule,Anti-inflammatory glucocorticoid,"Anti-inflammatory, immunosuppressive, anti-neoplastic, and vasoconstrictive effects.",Glucocorticoid receptor,Glucocorticoid receptor agonist,Approved,https://www.drugbank.ca/drugs/DB00860
"Triamcinolone (Aristospan Intra-Articular, Aristospan Intralesional, Kenalog)",Small Molecule,Corticosteroid,Treat various inflammatory conditions in the body from allergic rhinitis to acute exacerbations of multiple sclerosis,Glucocorticoid receptor,Glucocorticoid receptor agonist,Approved,https://www.drugbank.ca/drugs/DB00620
"Methylprednisolone (Medrol, Depo-Medrol, Solu-Medrol)",Small Molecule,Prednisolone derivative glucocorticoid (higher potency),"Endocrine, rheumatic, collagen, dermatologic, allergic,  gastrointestinal, nervous system, and other disorders","Glucocorticoid receptor, Annexin A1","Glucocorticoid receptor, Annexin A1 agonist",Approved,https://www.drugbank.ca/drugs/DB00959
"Dexamethasone (Dexamethasone Intensol, DexPak 10 Day, DexPak 13 Day, DexPak 6 Day).",Small Molecule,Fluorinated corticosteroid ,"Bacterial infections with inflammation; endocrine, rheumatic, collagen, dermatologic, allergic,  gastrointestinal, nervous system, and other disorders","Glucocorticoid receptor, Annexin A1, Nuclear receptor, Nitric oxide synthase","Glucocorticoid receptor, Annexin A1 agonist, Nuclear receptor stimulator, Nitric oxide synthase negative modulator",Approved,https://www.drugbank.ca/drugs/DB01234
Pseudoephedrine (Sudafed),Small Molecule,Sympathomimetic amine,Decongestant activity,"Sodium-dependent noradrenaline transporter, Sodium-dependent dopamine transporter, Alpha-1A adrenergic receptor, Alpha-2A adrenergic receptor","Sodium-dependent noradrenaline transporter, Sodium-dependent dopamine transporter inhibitor, Alpha-1A adrenergic receptor, Alpha-2A adrenergic receptor agonist",Approved,https://www.drugbank.ca/drugs/DB00852
Guaifenesin (Mucinex),Small Molecule,Expectorant,Temporary symptomatic relief from congested chests and coughs,NMDA receptor,NMDA receptor antagonist,Approved,https://www.drugbank.ca/drugs/DB00874