﻿Bacillus Calmette-Guerin (BCG),University of Melbourne and Murdoch Children’s Research Institute (Australia); Radboud University Medical Center (The Netherlands); Faustman Lab at Massachusetts General Hospital (MGH) (United States),Live-attenuated vaccine,The BCG vaccine has been implicated in helping to combat other infections outside TB by boosting the immune system to fight similar infections.,Phase 2/3,https://www.drugbank.ca/drugs/DB12768
mRNA-1273,Moderna,mRNA vaccine,"Moderna is the Massachusetts-based biotech company behind mRNA-1273, a vaccine candidate developed using prior studies of related coronaviruses",Phase 1,https://www.drugbank.ca/drugs/DB15654
Ad5-nCoV,CanSino Biologics,Adenovirus Type 5 Vector,China’s CanSino Biologics has developed a recombinant novel coronavirus vaccine that incorporates the adenovirus type 5 vector (Ad5).,Phase 1,https://www.drugbank.ca/drugs/DB15655
AZD1222,The University of Oxford,Adenovirus Vector,"The Oxford Vaccine Group at the University of Oxford have identified a new vaccine candidate for COVID-19, a chimpanzee adenovirus vaccine vector called ChAdOx1.",Phase 1,https://www.drugbank.ca/drugs/DB15656
INO-4800,Inovio Pharmaceuticals,DNA vaccine,Inovio is developing a DNA vaccine for SARS-CoV-2 that is in line with other DNA vaccines the company is developing,Phase 1,https://www.inovio.com/taxonomy/term/25
BNT162, Pfizer and BioNTech,mRNA vaccine,Pfizer and BioNtech have announced an agreement to collaborate on developing an mRNA-based COVID-19 vaccine,Pre-clinical,https://sec.report/Document/0001564590-20-017808/
PittCoVacc,University of Pittsburgh’s Center for Vaccine Research,Subunit vaccine,Researchers at the University of Pittsburgh have received a $4.9 million grant from CEPI to develop a COVID-19 vaccine candidate.,Pre-clinical,https://www.upmc.com/coronavirus/vaccine
No name,Novavax,Recombinant nanoparticle vaccine candidates,Biotech company Novavax announced in March that it has produced several recombinant nanoparticle vaccine candidates for COVID-19 and is vetting them in animal testing.,Pre-clinical,https://novavax.com
No name,CureVac,mRNA vaccine,CureVac announced they are developing an mRNA-based COVID-19 vaccine within a few months.,Pre-clinical,https://www.curevac.com/covid-19
Ii-Key,Generex Biotechnology,peptide,Biotech company Generex subsidiary NuGenerex Immuno-Oncology is spearheading a vaccine project to create an Ii-Key peptide vaccine against COVID-19,Pre-clinical,https://www.generex.com/covid-19